<metadata xml:lang="en"><Esri><CreaDate>20240226</CreaDate><CreaTime>20061700</CreaTime><ArcGISFormat>1.0</ArcGISFormat><SyncOnce>FALSE</SyncOnce><DataProperties><lineage><Process ToolSource="c:\program files\arcgis\pro\Resources\ArcToolbox\toolboxes\Data Management Tools.tbx\Append" Date="20240226" Time="200617">Append SBE_PRECINCTS_20230821 SBE_PRECINCTS_20220831 "Use the field map to reconcile field differences" "id "id" true false false 10 Long 0 0,First,#;prec_id "prec_id" true false false 100 Text 0 0,First,#,S:\NCSBOE\Workspace\NCSBE_downloads\SBE_PRECINCTS_20230821.shp,prec_id,0,99;enr_desc "enr_desc" true false false 150 Text 0 0,First,#,S:\NCSBOE\Workspace\NCSBE_downloads\SBE_PRECINCTS_20230821.shp,enr_desc,0,253;county_nam "county_nam" true false false 100 Text 0 0,First,#,S:\NCSBOE\Workspace\NCSBE_downloads\SBE_PRECINCTS_20230821.shp,county_nam,0,99;of_prec_id "of_prec_id" true false false 50 Text 0 0,First,#,S:\NCSBOE\Workspace\NCSBE_downloads\SBE_PRECINCTS_20230821.shp,of_prec_id,0,49;county_id "county_id" true false false 10 Long 0 0,First,#,S:\NCSBOE\Workspace\NCSBE_downloads\SBE_PRECINCTS_20230821.shp,county_id,-1,-1" # # # NOT_UPDATE_GEOMETRY</Process><Process ToolSource="c:\program files\arcgis\pro\Resources\ArcToolbox\toolboxes\Data Management Tools.tbx\Append" Date="20240226" Time="200752">Append SBE_PRECINCTS_20230821 SBE_PRECINCTS_20220831 "Use the field map to reconcile field differences" "id "id" true false false 10 Long 0 0,First,#;prec_id "prec_id" true false false 100 Text 0 0,First,#,S:\NCSBOE\Workspace\NCSBE_downloads\SBE_PRECINCTS_20230821.shp,prec_id,0,99;enr_desc "enr_desc" true false false 150 Text 0 0,First,#,S:\NCSBOE\Workspace\NCSBE_downloads\SBE_PRECINCTS_20230821.shp,enr_desc,0,253;county_nam "county_nam" true false false 100 Text 0 0,First,#,S:\NCSBOE\Workspace\NCSBE_downloads\SBE_PRECINCTS_20230821.shp,county_nam,0,99;of_prec_id "of_prec_id" true false false 50 Text 0 0,First,#,S:\NCSBOE\Workspace\NCSBE_downloads\SBE_PRECINCTS_20230821.shp,of_prec_id,0,49;county_id "county_id" true false false 10 Long 0 0,First,#,S:\NCSBOE\Workspace\NCSBE_downloads\SBE_PRECINCTS_20230821.shp,county_id,-1,-1" # # # NOT_UPDATE_GEOMETRY</Process><Process ToolSource="c:\program files\arcgis\pro\Resources\ArcToolbox\toolboxes\Data Management Tools.tbx\Append" Date="20240226" Time="201217">Append SBE_PRECINCTS_20230821 SBE_PRECINCTS_20220831 "Use the field map to reconcile field differences" "id "id" true false false 10 Long 0 0,First,#;prec_id "prec_id" true false false 100 Text 0 0,First,#,S:\NCSBOE\Workspace\NCSBE_downloads\SBE_PRECINCTS_20230821.shp,prec_id,0,99;enr_desc "enr_desc" true false false 150 Text 0 0,First,#,S:\NCSBOE\Workspace\NCSBE_downloads\SBE_PRECINCTS_20230821.shp,enr_desc,0,253;county_nam "county_nam" true false false 100 Text 0 0,First,#,S:\NCSBOE\Workspace\NCSBE_downloads\SBE_PRECINCTS_20230821.shp,county_nam,0,99;of_prec_id "of_prec_id" true false false 50 Text 0 0,First,#,S:\NCSBOE\Workspace\NCSBE_downloads\SBE_PRECINCTS_20230821.shp,of_prec_id,0,49;county_id "county_id" true false false 10 Long 0 0,First,#,S:\NCSBOE\Workspace\NCSBE_downloads\SBE_PRECINCTS_20230821.shp,county_id,-1,-1" # # # NOT_UPDATE_GEOMETRY</Process><Process ToolSource="c:\program files\arcgis\pro\Resources\ArcToolbox\toolboxes\Data Management Tools.tbx\Append" Date="20240226" Time="201553">Append SBE_PRECINCTS_20230821 SBE_PRECINCTS_20220831 "Use the field map to reconcile field differences" "id "id" true false false 10 Long 0 0,First,#;prec_id "prec_id" true false false 100 Text 0 0,First,#,S:\NCSBOE\Workspace\NCSBE_downloads\SBE_PRECINCTS_20230821.shp,prec_id,0,99;enr_desc "enr_desc" true false false 150 Text 0 0,First,#,S:\NCSBOE\Workspace\NCSBE_downloads\SBE_PRECINCTS_20230821.shp,enr_desc,0,253;county_nam "county_nam" true false false 100 Text 0 0,First,#,S:\NCSBOE\Workspace\NCSBE_downloads\SBE_PRECINCTS_20230821.shp,county_nam,0,99;of_prec_id "of_prec_id" true false false 50 Text 0 0,First,#,S:\NCSBOE\Workspace\NCSBE_downloads\SBE_PRECINCTS_20230821.shp,of_prec_id,0,49;county_id "county_id" true false false 10 Long 0 0,First,#,S:\NCSBOE\Workspace\NCSBE_downloads\SBE_PRECINCTS_20230821.shp,county_id,-1,-1" # # # NOT_UPDATE_GEOMETRY</Process><Process ToolSource="c:\program files\arcgis\pro\Resources\ArcToolbox\toolboxes\Data Management Tools.tbx\Append" Date="20240226" Time="202509">Append SBE_PRECINCTS_20230821 SBE_PRECINCTS_20220831 "Use the field map to reconcile field differences" "id "id" true false false 10 Long 0 0,First,#;prec_id "prec_id" true false false 100 Text 0 0,First,#,S:\NCSBOE\Workspace\NCSBE_downloads\SBE_PRECINCTS_20230821.shp,prec_id,0,99;enr_desc "enr_desc" true false false 150 Text 0 0,First,#,S:\NCSBOE\Workspace\NCSBE_downloads\SBE_PRECINCTS_20230821.shp,enr_desc,0,253;county_nam "county_nam" true false false 100 Text 0 0,First,#,S:\NCSBOE\Workspace\NCSBE_downloads\SBE_PRECINCTS_20230821.shp,county_nam,0,99;of_prec_id "of_prec_id" true false false 50 Text 0 0,First,#,S:\NCSBOE\Workspace\NCSBE_downloads\SBE_PRECINCTS_20230821.shp,of_prec_id,0,49;county_id "county_id" true false false 10 Long 0 0,First,#,S:\NCSBOE\Workspace\NCSBE_downloads\SBE_PRECINCTS_20230821.shp,county_id,-1,-1" # # # NOT_UPDATE_GEOMETRY</Process><Process ToolSource="c:\program files\arcgis\pro\Resources\ArcToolbox\toolboxes\Data Management Tools.tbx\Append" Date="20240226" Time="202835">Append SBE_PRECINCTS_20230821 SBE_PRECINCTS_20220831 "Use the field map to reconcile field differences" "id "id" true false false 10 Long 0 0,First,#;prec_id "prec_id" true false false 100 Text 0 0,First,#,S:\NCSBOE\Workspace\NCSBE_downloads\SBE_PRECINCTS_20230821.shp,prec_id,0,99;enr_desc "enr_desc" true false false 150 Text 0 0,First,#,S:\NCSBOE\Workspace\NCSBE_downloads\SBE_PRECINCTS_20230821.shp,enr_desc,0,253;county_nam "county_nam" true false false 100 Text 0 0,First,#,S:\NCSBOE\Workspace\NCSBE_downloads\SBE_PRECINCTS_20230821.shp,county_nam,0,99;of_prec_id "of_prec_id" true false false 50 Text 0 0,First,#,S:\NCSBOE\Workspace\NCSBE_downloads\SBE_PRECINCTS_20230821.shp,of_prec_id,0,49;county_id "county_id" true false false 10 Long 0 0,First,#,S:\NCSBOE\Workspace\NCSBE_downloads\SBE_PRECINCTS_20230821.shp,county_id,-1,-1" # # # NOT_UPDATE_GEOMETRY</Process><Process ToolSource="c:\program files\arcgis\pro\Resources\ArcToolbox\toolboxes\Data Management Tools.tbx\Append" Date="20240226" Time="202925">Append SBE_PRECINCTS_20230821 SBE_PRECINCTS_20220831 "Use the field map to reconcile field differences" "id "id" true false false 10 Long 0 0,First,#;prec_id "prec_id" true false false 100 Text 0 0,First,#,S:\NCSBOE\Workspace\NCSBE_downloads\SBE_PRECINCTS_20230821.shp,prec_id,0,99;enr_desc "enr_desc" true false false 150 Text 0 0,First,#,S:\NCSBOE\Workspace\NCSBE_downloads\SBE_PRECINCTS_20230821.shp,enr_desc,0,253;county_nam "county_nam" true false false 100 Text 0 0,First,#,S:\NCSBOE\Workspace\NCSBE_downloads\SBE_PRECINCTS_20230821.shp,county_nam,0,99;of_prec_id "of_prec_id" true false false 50 Text 0 0,First,#,S:\NCSBOE\Workspace\NCSBE_downloads\SBE_PRECINCTS_20230821.shp,of_prec_id,0,49;county_id "county_id" true false false 10 Long 0 0,First,#,S:\NCSBOE\Workspace\NCSBE_downloads\SBE_PRECINCTS_20230821.shp,county_id,-1,-1" # # # NOT_UPDATE_GEOMETRY</Process><Process ToolSource="c:\program files\arcgis\pro\Resources\ArcToolbox\toolboxes\Data Management Tools.tbx\Append" Date="20240226" Time="203236">Append SBE_PRECINCTS_20230821 SBE_PRECINCTS_20220831 "Use the field map to reconcile field differences" "id "id" true false false 10 Long 0 0,First,#;prec_id "prec_id" true false false 100 Text 0 0,First,#,S:\NCSBOE\Workspace\NCSBE_downloads\SBE_PRECINCTS_20230821.shp,prec_id,0,99;enr_desc "enr_desc" true false false 150 Text 0 0,First,#,S:\NCSBOE\Workspace\NCSBE_downloads\SBE_PRECINCTS_20230821.shp,enr_desc,0,253;county_nam "county_nam" true false false 100 Text 0 0,First,#,S:\NCSBOE\Workspace\NCSBE_downloads\SBE_PRECINCTS_20230821.shp,county_nam,0,99;of_prec_id "of_prec_id" true false false 50 Text 0 0,First,#,S:\NCSBOE\Workspace\NCSBE_downloads\SBE_PRECINCTS_20230821.shp,of_prec_id,0,49;county_id "county_id" true false false 10 Long 0 0,First,#,S:\NCSBOE\Workspace\NCSBE_downloads\SBE_PRECINCTS_20230821.shp,county_id,-1,-1" # # # NOT_UPDATE_GEOMETRY</Process><Process ToolSource="c:\program files\arcgis\pro\Resources\ArcToolbox\toolboxes\Data Management Tools.tbx\Append" Date="20240226" Time="203434">Append SBE_PRECINCTS_20230821 SBE_PRECINCTS_20220831 "Use the field map to reconcile field differences" "id "id" true false false 10 Long 0 0,First,#;prec_id "prec_id" true false false 100 Text 0 0,First,#,S:\NCSBOE\Workspace\NCSBE_downloads\SBE_PRECINCTS_20230821.shp,prec_id,0,99;enr_desc "enr_desc" true false false 150 Text 0 0,First,#,S:\NCSBOE\Workspace\NCSBE_downloads\SBE_PRECINCTS_20230821.shp,enr_desc,0,253;county_nam "county_nam" true false false 100 Text 0 0,First,#,S:\NCSBOE\Workspace\NCSBE_downloads\SBE_PRECINCTS_20230821.shp,county_nam,0,99;of_prec_id "of_prec_id" true false false 50 Text 0 0,First,#,S:\NCSBOE\Workspace\NCSBE_downloads\SBE_PRECINCTS_20230821.shp,of_prec_id,0,49;county_id "county_id" true false false 10 Long 0 0,First,#,S:\NCSBOE\Workspace\NCSBE_downloads\SBE_PRECINCTS_20230821.shp,county_id,-1,-1" # # # NOT_UPDATE_GEOMETRY</Process><Process ToolSource="c:\program files\arcgis\pro\Resources\ArcToolbox\toolboxes\Data Management Tools.tbx\Append" Date="20240226" Time="203624">Append SBE_PRECINCTS_20230821 SBE_PRECINCTS_20220831 "Use the field map to reconcile field differences" "id "id" true false false 10 Long 0 0,First,#;prec_id "prec_id" true false false 100 Text 0 0,First,#,S:\NCSBOE\Workspace\NCSBE_downloads\SBE_PRECINCTS_20230821.shp,prec_id,0,99;enr_desc "enr_desc" true false false 150 Text 0 0,First,#,S:\NCSBOE\Workspace\NCSBE_downloads\SBE_PRECINCTS_20230821.shp,enr_desc,0,253;county_nam "county_nam" true false false 100 Text 0 0,First,#,S:\NCSBOE\Workspace\NCSBE_downloads\SBE_PRECINCTS_20230821.shp,county_nam,0,99;of_prec_id "of_prec_id" true false false 50 Text 0 0,First,#,S:\NCSBOE\Workspace\NCSBE_downloads\SBE_PRECINCTS_20230821.shp,of_prec_id,0,49;county_id "county_id" true false false 10 Long 0 0,First,#,S:\NCSBOE\Workspace\NCSBE_downloads\SBE_PRECINCTS_20230821.shp,county_id,-1,-1" # # # NOT_UPDATE_GEOMETRY</Process><Process ToolSource="c:\program files\arcgis\pro\Resources\ArcToolbox\toolboxes\Data Management Tools.tbx\Append" Date="20240226" Time="203726">Append SBE_PRECINCTS_20230821 SBE_PRECINCTS_20220831 "Use the field map to reconcile field differences" "id "id" true false false 10 Long 0 0,First,#;prec_id "prec_id" true false false 100 Text 0 0,First,#,S:\NCSBOE\Workspace\NCSBE_downloads\SBE_PRECINCTS_20230821.shp,prec_id,0,99;enr_desc "enr_desc" true false false 150 Text 0 0,First,#,S:\NCSBOE\Workspace\NCSBE_downloads\SBE_PRECINCTS_20230821.shp,enr_desc,0,253;county_nam "county_nam" true false false 100 Text 0 0,First,#,S:\NCSBOE\Workspace\NCSBE_downloads\SBE_PRECINCTS_20230821.shp,county_nam,0,99;of_prec_id "of_prec_id" true false false 50 Text 0 0,First,#,S:\NCSBOE\Workspace\NCSBE_downloads\SBE_PRECINCTS_20230821.shp,of_prec_id,0,49;county_id "county_id" true false false 10 Long 0 0,First,#,S:\NCSBOE\Workspace\NCSBE_downloads\SBE_PRECINCTS_20230821.shp,county_id,-1,-1" # # # NOT_UPDATE_GEOMETRY</Process><Process ToolSource="c:\program files\arcgis\pro\Resources\ArcToolbox\toolboxes\Data Management Tools.tbx\Append" Date="20240226" Time="210629">Append 'Proposed Precinct' SBE_PRECINCTS_20220831 "Use the field map to reconcile field differences" "id "id" true false false 10 Long 0 0,First,#;prec_id "prec_id" true false false 100 Text 0 0,First,#,S:\NCSBOE\Workspace\NCSBE_downloads\SBE_PRECINCTS_20230821.shp,prec_id,0,99;enr_desc "enr_desc" true false false 150 Text 0 0,First,#,S:\NCSBOE\Workspace\NCSBE_downloads\SBE_PRECINCTS_20230821.shp,enr_desc,0,253;county_nam "county_nam" true false false 100 Text 0 0,First,#,S:\NCSBOE\Workspace\NCSBE_downloads\SBE_PRECINCTS_20230821.shp,county_nam,0,99;of_prec_id "of_prec_id" true false false 50 Text 0 0,First,#,S:\NCSBOE\Workspace\NCSBE_downloads\SBE_PRECINCTS_20230821.shp,of_prec_id,0,49;county_id "county_id" true false false 10 Long 0 0,First,#,S:\NCSBOE\Workspace\NCSBE_downloads\SBE_PRECINCTS_20230821.shp,county_id,-1,-1" # # # NOT_UPDATE_GEOMETRY</Process><Process ToolSource="c:\program files\arcgis\pro\Resources\ArcToolbox\toolboxes\Data Management Tools.tbx\Append" Date="20240226" Time="210724">Append SBE_PRECINCTS_20231220 SBE_PRECINCTS_20220831 "Use the field map to reconcile field differences" "id "id" true false false 10 Long 0 0,First,#;prec_id "prec_id" true false false 100 Text 0 0,First,#,S:\NCSBOE\Workspace\NCSBE_downloads\SBE_PRECINCTS_20230821.shp,prec_id,0,99;enr_desc "enr_desc" true false false 150 Text 0 0,First,#,S:\NCSBOE\Workspace\NCSBE_downloads\SBE_PRECINCTS_20230821.shp,enr_desc,0,253;county_nam "county_nam" true false false 100 Text 0 0,First,#,S:\NCSBOE\Workspace\NCSBE_downloads\SBE_PRECINCTS_20230821.shp,county_nam,0,99;of_prec_id "of_prec_id" true false false 50 Text 0 0,First,#,S:\NCSBOE\Workspace\NCSBE_downloads\SBE_PRECINCTS_20230821.shp,of_prec_id,0,49;county_id "county_id" true false false 10 Long 0 0,First,#,S:\NCSBOE\Workspace\NCSBE_downloads\SBE_PRECINCTS_20230821.shp,county_id,-1,-1" # # # NOT_UPDATE_GEOMETRY</Process><Process ToolSource="c:\program files\arcgis\pro\Resources\ArcToolbox\toolboxes\Data Management Tools.tbx\Append" Date="20240226" Time="210930">Append SBE_PRECINCTS_20231220 SBE_PRECINCTS_20220831 "Use the field map to reconcile field differences" "id "id" true false false 10 Long 0 0,First,#;prec_id "prec_id" true false false 100 Text 0 0,First,#,S:\NCSBOE\Workspace\NCSBE_downloads\SBE_PRECINCTS_20230821.shp,prec_id,0,99;enr_desc "enr_desc" true false false 150 Text 0 0,First,#,S:\NCSBOE\Workspace\NCSBE_downloads\SBE_PRECINCTS_20230821.shp,enr_desc,0,253;county_nam "county_nam" true false false 100 Text 0 0,First,#,S:\NCSBOE\Workspace\NCSBE_downloads\SBE_PRECINCTS_20230821.shp,county_nam,0,99;of_prec_id "of_prec_id" true false false 50 Text 0 0,First,#,S:\NCSBOE\Workspace\NCSBE_downloads\SBE_PRECINCTS_20230821.shp,of_prec_id,0,49;county_id "county_id" true false false 10 Long 0 0,First,#,S:\NCSBOE\Workspace\NCSBE_downloads\SBE_PRECINCTS_20230821.shp,county_id,-1,-1" # # # NOT_UPDATE_GEOMETRY</Process><Process ToolSource="c:\program files\arcgis\pro\Resources\ArcToolbox\toolboxes\Data Management Tools.tbx\Append" Date="20240226" Time="211006">Append SBE_PRECINCTS_20231220 SBE_PRECINCTS_20220831 "Use the field map to reconcile field differences" "id "id" true false false 10 Long 0 0,First,#;prec_id "prec_id" true false false 100 Text 0 0,First,#,S:\NCSBOE\Workspace\NCSBE_downloads\SBE_PRECINCTS_20230821.shp,prec_id,0,99;enr_desc "enr_desc" true false false 150 Text 0 0,First,#,S:\NCSBOE\Workspace\NCSBE_downloads\SBE_PRECINCTS_20230821.shp,enr_desc,0,253;county_nam "county_nam" true false false 100 Text 0 0,First,#,S:\NCSBOE\Workspace\NCSBE_downloads\SBE_PRECINCTS_20230821.shp,county_nam,0,99;of_prec_id "of_prec_id" true false false 50 Text 0 0,First,#,S:\NCSBOE\Workspace\NCSBE_downloads\SBE_PRECINCTS_20230821.shp,of_prec_id,0,49;county_id "county_id" true false false 10 Long 0 0,First,#,S:\NCSBOE\Workspace\NCSBE_downloads\SBE_PRECINCTS_20230821.shp,county_id,-1,-1" # # # NOT_UPDATE_GEOMETRY</Process><Process ToolSource="c:\program files\arcgis\pro\Resources\ArcToolbox\toolboxes\Data Management Tools.tbx\Append" Date="20240226" Time="211219">Append SBE_PRECINCTS_20231220 SBE_PRECINCTS_20220831 "Use the field map to reconcile field differences" "id "id" true false false 10 Long 0 0,First,#;prec_id "prec_id" true false false 100 Text 0 0,First,#,S:\NCSBOE\Workspace\NCSBE_downloads\SBE_PRECINCTS_20230821.shp,prec_id,0,99;enr_desc "enr_desc" true false false 150 Text 0 0,First,#,S:\NCSBOE\Workspace\NCSBE_downloads\SBE_PRECINCTS_20230821.shp,enr_desc,0,253;county_nam "county_nam" true false false 100 Text 0 0,First,#,S:\NCSBOE\Workspace\NCSBE_downloads\SBE_PRECINCTS_20230821.shp,county_nam,0,99;of_prec_id "of_prec_id" true false false 50 Text 0 0,First,#,S:\NCSBOE\Workspace\NCSBE_downloads\SBE_PRECINCTS_20230821.shp,of_prec_id,0,49;county_id "county_id" true false false 10 Long 0 0,First,#,S:\NCSBOE\Workspace\NCSBE_downloads\SBE_PRECINCTS_20230821.shp,county_id,-1,-1" # # # NOT_UPDATE_GEOMETRY</Process><Process ToolSource="c:\program files\arcgis\pro\Resources\ArcToolbox\toolboxes\Conversion Tools.tbx\ExportFeatures" Date="20240226" Time="214821">ExportFeatures SBE_PRECINCTS_20231220_UPDATED S:\NCSBOE\Workspace\Deliverables\Feb2024_update\SBE_PRECINCTS_20231220_updated.shp # NOT_USE_ALIAS "id "id" true true false 10 Long 0 10,First,#,SBE_PRECINCTS_20231220_UPDATED,id,-1,-1;prec_id "prec_id" true true false 100 Text 0 0,First,#,SBE_PRECINCTS_20231220_UPDATED,prec_id,0,99;enr_desc "enr_desc" true true false 150 Text 0 0,First,#,SBE_PRECINCTS_20231220_UPDATED,enr_desc,0,149;county_nam "county_nam" true true false 100 Text 0 0,First,#,SBE_PRECINCTS_20231220_UPDATED,county_nam,0,99;of_prec_id "of_prec_id" true true false 50 Text 0 0,First,#,SBE_PRECINCTS_20231220_UPDATED,of_prec_id,0,49;county_id "county_id" true true false 10 Long 0 10,First,#,SBE_PRECINCTS_20231220_UPDATED,county_id,-1,-1" #</Process><Process ToolSource="c:\program files\arcgis\pro\Resources\ArcToolbox\toolboxes\Conversion Tools.tbx\ExportFeatures" Date="20240229" Time="160032">ExportFeatures SBE_PRECINCTS_20231220_updated S:\NCSBOE\Workspace\Deliverables\Feb2024_update\SBE_PRECINCTS_20231220_updated_20240229.shp # NOT_USE_ALIAS "id "id" true true false 10 Long 0 10,First,#,SBE_PRECINCTS_20231220_updated,id,-1,-1;prec_id "prec_id" true true false 100 Text 0 0,First,#,SBE_PRECINCTS_20231220_updated,prec_id,0,99;enr_desc "enr_desc" true true false 150 Text 0 0,First,#,SBE_PRECINCTS_20231220_updated,enr_desc,0,149;county_nam "county_nam" true true false 100 Text 0 0,First,#,SBE_PRECINCTS_20231220_updated,county_nam,0,99;of_prec_id "of_prec_id" true true false 50 Text 0 0,First,#,SBE_PRECINCTS_20231220_updated,of_prec_id,0,49;county_id "county_id" true true false 10 Long 0 10,First,#,SBE_PRECINCTS_20231220_updated,county_id,-1,-1" #</Process><Process ToolSource="c:\program files\arcgis\pro\Resources\ArcToolbox\toolboxes\Conversion Tools.tbx\ExportFeatures" Date="20240308" Time="142645">ExportFeatures SBE_PRECINCTS_20231220_updated_20240308 S:\NCSBOE\Workspace\Deliverables\Feb2024_update\SBE_PRECINCTS_20231220_updated_20240308.shp # NOT_USE_ALIAS "id "id" true true false 10 Long 0 10,First,#,SBE_PRECINCTS_20231220_updated_20240308,id,-1,-1;prec_id "prec_id" true true false 100 Text 0 0,First,#,SBE_PRECINCTS_20231220_updated_20240308,prec_id,0,99;enr_desc "enr_desc" true true false 150 Text 0 0,First,#,SBE_PRECINCTS_20231220_updated_20240308,enr_desc,0,149;county_nam "county_nam" true true false 100 Text 0 0,First,#,SBE_PRECINCTS_20231220_updated_20240308,county_nam,0,99;of_prec_id "of_prec_id" true true false 50 Text 0 0,First,#,SBE_PRECINCTS_20231220_updated_20240308,of_prec_id,0,49;county_id "county_id" true true false 10 Long 0 10,First,#,SBE_PRECINCTS_20231220_updated_20240308,county_id,-1,-1" #</Process><Process ToolSource="c:\program files\arcgis\pro\Resources\ArcToolbox\toolboxes\Data Management Tools.tbx\Append" Date="20240723" Time="125844">Append 'Stokes\Proposed Precincts' "Current Precints" "Use the field map to reconcile field differences" "id "id" true false false 10 Long 0 0,First,#;prec_id "prec_id" true false false 100 Text 0 0,First,#,Stokes\Proposed Precincts,PrecinctID,0,253;enr_desc "enr_desc" true false false 150 Text 0 0,First,#,Stokes\Proposed Precincts,PRECINCTS_,0,24;county_nam "county_nam" true false false 100 Text 0 0,First,#;of_prec_id "of_prec_id" true false false 50 Text 0 0,First,#;county_id "county_id" true false false 10 Long 0 0,First,#" # # # NOT_UPDATE_GEOMETRY</Process><Process ToolSource="c:\program files\arcgis\pro\Resources\ArcToolbox\toolboxes\Data Management Tools.tbx\Append" Date="20240723" Time="130438">Append 'Wilkes\Proposed Precincts' "Current Precints" "Use the field map to reconcile field differences" "id "id" true false false 10 Long 0 0,First,#;prec_id "prec_id" true false false 100 Text 0 0,First,#,Stokes\Proposed Precincts,PrecinctID,0,253,Wilkes\Proposed Precincts,prec_id,0,99;enr_desc "enr_desc" true false false 150 Text 0 0,First,#,Stokes\Proposed Precincts,PRECINCTS_,0,24,Wilkes\Proposed Precincts,enr_desc,0,149;county_nam "county_nam" true false false 100 Text 0 0,First,#,Wilkes\Proposed Precincts,county_nam,0,99;of_prec_id "of_prec_id" true false false 50 Text 0 0,First,#,Wilkes\Proposed Precincts,of_prec_id,0,49;county_id "county_id" true false false 10 Long 0 0,First,#,Wilkes\Proposed Precincts,county_id,-1,-1" # # # NOT_UPDATE_GEOMETRY</Process><Process ToolSource="c:\program files\arcgis\pro\Resources\ArcToolbox\toolboxes\Conversion Tools.tbx\ExportFeatures" Date="20240723" Time="130806">ExportFeatures "Current Precints" S:\NCSBOE\Workspace\Spring-Summer2023_Precinct_Alterations\Precinct_Alterations\Precinct_Alterations.gdb\SBE_PRECINCTS_20240723 # NOT_USE_ALIAS "id "id" true true false 10 Long 0 10,First,#,Current Precints,id,-1,-1;prec_id "prec_id" true true false 100 Text 0 0,First,#,Current Precints,prec_id,0,99;enr_desc "enr_desc" true true false 150 Text 0 0,First,#,Current Precints,enr_desc,0,149;county_nam "county_nam" true true false 100 Text 0 0,First,#,Current Precints,county_nam,0,99;of_prec_id "of_prec_id" true true false 50 Text 0 0,First,#,Current Precints,of_prec_id,0,49;county_id "county_id" true true false 10 Long 0 10,First,#,Current Precints,county_id,-1,-1" #</Process><Process ToolSource="c:\program files\arcgis\pro\Resources\ArcToolbox\toolboxes\Conversion Tools.tbx\ExportFeatures" Date="20240723" Time="130900">ExportFeatures SBE_PRECINCTS_20240723 S:\NCSBOE\Workspace\Fall2024\Deliverables\SBE_PRECINCTS_20240723.shp # NOT_USE_ALIAS "id "id" true true false 4 Long 0 0,First,#,SBE_PRECINCTS_20240723,id,-1,-1;prec_id "prec_id" true true false 100 Text 0 0,First,#,SBE_PRECINCTS_20240723,prec_id,0,99;enr_desc "enr_desc" true true false 150 Text 0 0,First,#,SBE_PRECINCTS_20240723,enr_desc,0,149;county_nam "county_nam" true true false 100 Text 0 0,First,#,SBE_PRECINCTS_20240723,county_nam,0,99;of_prec_id "of_prec_id" true true false 50 Text 0 0,First,#,SBE_PRECINCTS_20240723,of_prec_id,0,49;county_id "county_id" true true false 4 Long 0 0,First,#,SBE_PRECINCTS_20240723,county_id,-1,-1;Shape_Length "Shape_Length" false true true 8 Double 0 0,First,#,SBE_PRECINCTS_20240723,Shape_Length,-1,-1;Shape_Area "Shape_Area" false true true 8 Double 0 0,First,#,SBE_PRECINCTS_20240723,Shape_Area,-1,-1" #</Process><Process ToolSource="c:\program files\arcgis\pro\Resources\ArcToolbox\toolboxes\Data Management Tools.tbx\UpdateSchema" Date="20250225" Time="131931">UpdateSchema "CIMDATA=&lt;CIMStandardDataConnection xsi:type='typens:CIMStandardDataConnection' xmlns:xsi='http://www.w3.org/2001/XMLSchema-instance' xmlns:xs='http://www.w3.org/2001/XMLSchema' xmlns:typens='http://www.esri.com/schemas/ArcGIS/3.4.0'&gt;&lt;WorkspaceConnectionString&gt;DATABASE=S:\NCSBOE\Workspace\Spring2025\DurhamFix_SBOE Data Downloads&lt;/WorkspaceConnectionString&gt;&lt;WorkspaceFactory&gt;Shapefile&lt;/WorkspaceFactory&gt;&lt;Dataset&gt;SBE_PRECINCTS_20240723&lt;/Dataset&gt;&lt;DatasetType&gt;esriDTFeatureClass&lt;/DatasetType&gt;&lt;/CIMStandardDataConnection&gt;" &lt;operationSequence&gt;&lt;workflow&gt;&lt;AddField&gt;&lt;field_name&gt;Shape_Len&lt;/field_name&gt;&lt;field_type&gt;DOUBLE&lt;/field_type&gt;&lt;field_is_nullable&gt;False&lt;/field_is_nullable&gt;&lt;field_is_required&gt;False&lt;/field_is_required&gt;&lt;/AddField&gt;&lt;/workflow&gt;&lt;workflow&gt;&lt;AddField&gt;&lt;field_name&gt;Shape_Area&lt;/field_name&gt;&lt;field_type&gt;DOUBLE&lt;/field_type&gt;&lt;field_is_nullable&gt;False&lt;/field_is_nullable&gt;&lt;field_is_required&gt;False&lt;/field_is_required&gt;&lt;/AddField&gt;&lt;/workflow&gt;&lt;/operationSequence&gt;</Process><Process ToolSource="c:\program files\arcgis\pro\Resources\ArcToolbox\toolboxes\Data Management Tools.tbx\CalculateGeometryAttributes" Date="20250225" Time="132107">CalculateGeometryAttributes SBE_PRECINCTS_20240723 "Shape_Len PERIMETER_LENGTH" MILES_INT # PROJCS["NAD_1983_StatePlane_North_Carolina_FIPS_3200_Feet",GEOGCS["GCS_North_American_1983",DATUM["D_North_American_1983",SPHEROID["GRS_1980",6378137.0,298.257222101]],PRIMEM["Greenwich",0.0],UNIT["Degree",0.0174532925199433]],PROJECTION["Lambert_Conformal_Conic"],PARAMETER["False_Easting",2000000.0],PARAMETER["False_Northing",0.0],PARAMETER["Central_Meridian",-79.0],PARAMETER["Standard_Parallel_1",34.3333333333333],PARAMETER["Standard_Parallel_2",36.1666666666667],PARAMETER["Latitude_Of_Origin",33.75],UNIT["US survey foot",0.3048006096012192]] SAME_AS_INPUT</Process><Process ToolSource="c:\program files\arcgis\pro\Resources\ArcToolbox\toolboxes\Data Management Tools.tbx\CalculateGeometryAttributes" Date="20250225" Time="132215">CalculateGeometryAttributes SBE_PRECINCTS_20240723 "Shape_Area AREA;Shape_Len PERIMETER_LENGTH" METERS SQUARE_METERS PROJCS["NAD_1983_StatePlane_North_Carolina_FIPS_3200_Feet",GEOGCS["GCS_North_American_1983",DATUM["D_North_American_1983",SPHEROID["GRS_1980",6378137.0,298.257222101]],PRIMEM["Greenwich",0.0],UNIT["Degree",0.0174532925199433]],PROJECTION["Lambert_Conformal_Conic"],PARAMETER["False_Easting",2000000.0],PARAMETER["False_Northing",0.0],PARAMETER["Central_Meridian",-79.0],PARAMETER["Standard_Parallel_1",34.3333333333333],PARAMETER["Standard_Parallel_2",36.1666666666667],PARAMETER["Latitude_Of_Origin",33.75],UNIT["US survey foot",0.3048006096012192]] SAME_AS_INPUT</Process><Process ToolSource="c:\program files\arcgis\pro\Resources\ArcToolbox\toolboxes\Data Management Tools.tbx\CalculateGeometryAttributes" Date="20250225" Time="132241">CalculateGeometryAttributes SBE_PRECINCTS_20240723 "Shape_Area AREA;Shape_Len PERIMETER_LENGTH" METERS SQUARE_KILOMETERS PROJCS["NAD_1983_StatePlane_North_Carolina_FIPS_3200_Feet",GEOGCS["GCS_North_American_1983",DATUM["D_North_American_1983",SPHEROID["GRS_1980",6378137.0,298.257222101]],PRIMEM["Greenwich",0.0],UNIT["Degree",0.0174532925199433]],PROJECTION["Lambert_Conformal_Conic"],PARAMETER["False_Easting",2000000.0],PARAMETER["False_Northing",0.0],PARAMETER["Central_Meridian",-79.0],PARAMETER["Standard_Parallel_1",34.3333333333333],PARAMETER["Standard_Parallel_2",36.1666666666667],PARAMETER["Latitude_Of_Origin",33.75],UNIT["US survey foot",0.3048006096012192]] SAME_AS_INPUT</Process><Process ToolSource="c:\program files\arcgis\pro\Resources\ArcToolbox\toolboxes\Data Management Tools.tbx\CalculateGeometryAttributes" Date="20250225" Time="132355">CalculateGeometryAttributes SBE_PRECINCTS_20240723 "Shape_Area AREA;Shape_Len PERIMETER_LENGTH" MILES_INT SQUARE_MILES_US PROJCS["NAD_1983_StatePlane_North_Carolina_FIPS_3200_Feet",GEOGCS["GCS_North_American_1983",DATUM["D_North_American_1983",SPHEROID["GRS_1980",6378137.0,298.257222101]],PRIMEM["Greenwich",0.0],UNIT["Degree",0.0174532925199433]],PROJECTION["Lambert_Conformal_Conic"],PARAMETER["False_Easting",2000000.0],PARAMETER["False_Northing",0.0],PARAMETER["Central_Meridian",-79.0],PARAMETER["Standard_Parallel_1",34.3333333333333],PARAMETER["Standard_Parallel_2",36.1666666666667],PARAMETER["Latitude_Of_Origin",33.75],UNIT["US survey foot",0.3048006096012192]] SAME_AS_INPUT</Process><Process ToolSource="c:\program files\arcgis\pro\Resources\ArcToolbox\toolboxes\Data Management Tools.tbx\CalculateGeometryAttributes" Date="20250225" Time="132420">CalculateGeometryAttributes SBE_PRECINCTS_20240723 "Shape_Area AREA;Shape_Len PERIMETER_LENGTH" METERS SQUARE_METERS PROJCS["NAD_1983_StatePlane_North_Carolina_FIPS_3200_Feet",GEOGCS["GCS_North_American_1983",DATUM["D_North_American_1983",SPHEROID["GRS_1980",6378137.0,298.257222101]],PRIMEM["Greenwich",0.0],UNIT["Degree",0.0174532925199433]],PROJECTION["Lambert_Conformal_Conic"],PARAMETER["False_Easting",2000000.0],PARAMETER["False_Northing",0.0],PARAMETER["Central_Meridian",-79.0],PARAMETER["Standard_Parallel_1",34.3333333333333],PARAMETER["Standard_Parallel_2",36.1666666666667],PARAMETER["Latitude_Of_Origin",33.75],UNIT["US survey foot",0.3048006096012192]] SAME_AS_INPUT</Process><Process ToolSource="c:\program files\arcgis\pro\Resources\ArcToolbox\toolboxes\Data Management Tools.tbx\CalculateGeometryAttributes" Date="20250225" Time="132800">CalculateGeometryAttributes SBE_PRECINCTS_20240723 "Shape_Len PERIMETER_LENGTH;Shape_Area AREA" FEET_US SQUARE_FEET_US PROJCS["NAD_1983_StatePlane_North_Carolina_FIPS_3200_Feet",GEOGCS["GCS_North_American_1983",DATUM["D_North_American_1983",SPHEROID["GRS_1980",6378137.0,298.257222101]],PRIMEM["Greenwich",0.0],UNIT["Degree",0.0174532925199433]],PROJECTION["Lambert_Conformal_Conic"],PARAMETER["False_Easting",2000000.0],PARAMETER["False_Northing",0.0],PARAMETER["Central_Meridian",-79.0],PARAMETER["Standard_Parallel_1",34.3333333333333],PARAMETER["Standard_Parallel_2",36.1666666666667],PARAMETER["Latitude_Of_Origin",33.75],UNIT["US survey foot",0.3048006096012192]] SAME_AS_INPUT</Process><Process ToolSource="c:\program files\arcgis\pro\Resources\ArcToolbox\toolboxes\Conversion Tools.tbx\ExportFeatures" Date="20250225" Time="132839">ExportFeatures SBE_PRECINCTS_20240723 S:\NCSBOE\Workspace\Spring-Summer2023_Precinct_Alterations\Precinct_Alterations\Precinct_Alterations.gdb\SBE_PRECINCTS_20250225 # NOT_USE_ALIAS "id "id" true true false 10 Long 0 10,First,#,SBE_PRECINCTS_20240723,id,-1,-1;county_id "county_id" true true false 10 Long 0 10,First,#,SBE_PRECINCTS_20240723,county_id,-1,-1;prec_id "prec_id" true true false 100 Text 0 0,First,#,SBE_PRECINCTS_20240723,prec_id,0,99;enr_desc "enr_desc" true true false 150 Text 0 0,First,#,SBE_PRECINCTS_20240723,enr_desc,0,149;county_nam "county_nam" true true false 100 Text 0 0,First,#,SBE_PRECINCTS_20240723,county_nam,0,99;of_prec_id "of_prec_id" true true false 50 Text 0 0,First,#,SBE_PRECINCTS_20240723,of_prec_id,0,49;Shape_Len "Shape_Length" true true false 19 Double 0 0,First,#,SBE_PRECINCTS_20240723,Shape_Len,-1,-1;Shape_Area "Shape_Area" true true false 19 Double 0 0,First,#,SBE_PRECINCTS_20240723,Shape_Area,-1,-1" #</Process><Process ToolSource="c:\program files\arcgis\pro\Resources\ArcToolbox\toolboxes\Conversion Tools.tbx\ExportFeatures" Date="20250225" Time="133043">ExportFeatures SBE_PRECINCTS_20250225 "S:\NCSBOE\Workspace\Spring2025\DurhamFix_SBOE Data Downloads\SBE_PRECINCTS_20250225.shp" # NOT_USE_ALIAS "id "id" true true false 4 Long 0 0,First,#,SBE_PRECINCTS_20250225,id,-1,-1;county_id "county_id" true true false 4 Long 0 0,First,#,SBE_PRECINCTS_20250225,county_id,-1,-1;prec_id "prec_id" true true false 100 Text 0 0,First,#,SBE_PRECINCTS_20250225,prec_id,0,99;enr_desc "enr_desc" true true false 150 Text 0 0,First,#,SBE_PRECINCTS_20250225,enr_desc,0,149;county_nam "county_nam" true true false 100 Text 0 0,First,#,SBE_PRECINCTS_20250225,county_nam,0,99;of_prec_id "of_prec_id" true true false 50 Text 0 0,First,#,SBE_PRECINCTS_20250225,of_prec_id,0,49;Shape_Length "Shape_Length" false true true 8 Double 0 0,First,#,SBE_PRECINCTS_20250225,Shape_Length,-1,-1;Shape_Area "Shape_Area" false true true 8 Double 0 0,First,#,SBE_PRECINCTS_20250225,Shape_Area,-1,-1" #</Process><Process ToolSource="c:\program files\arcgis\pro\Resources\ArcToolbox\toolboxes\Conversion Tools.tbx\ExportFeatures" Date="20250225" Time="163026">ExportFeatures "Statewide\Current Precincts" S:\NCSBOE\Workspace\Spring2025\Spring_2025_Final_Statewide.gdb\SBE_PRECINCTS_2025____ # NOT_USE_ALIAS "id "id" true true false 10 Long 0 10,First,#,Statewide\Current Precincts,id,-1,-1;county_id "county_id" true true false 10 Long 0 10,First,#,Statewide\Current Precincts,county_id,-1,-1;prec_id "prec_id" true true false 100 Text 0 0,First,#,Statewide\Current Precincts,prec_id,0,99;enr_desc "enr_desc" true true false 150 Text 0 0,First,#,Statewide\Current Precincts,enr_desc,0,149;county_nam "county_nam" true true false 100 Text 0 0,First,#,Statewide\Current Precincts,county_nam,0,99;of_prec_id "of_prec_id" true true false 50 Text 0 0,First,#,Statewide\Current Precincts,of_prec_id,0,49;Shape_Leng "Shape_Leng" true true false 19 Double 0 0,First,#,Statewide\Current Precincts,Shape_Leng,-1,-1;Shape_Area "Shape_Area" true true false 19 Double 0 0,First,#,Statewide\Current Precincts,Shape_Area,-1,-1" #</Process><Process ToolSource="c:\program files\arcgis\pro\Resources\ArcToolbox\toolboxes\Data Management Tools.tbx\Append" Date="20250225" Time="163309">Append 'Rockingham\Proposed Precincts' SBE_PRECINCTS_2025____ NO_TEST "id "id" true true false 4 Long 0 0,First,#,S:\NCSBOE\Workspace\Spring2025\Rockingham_Leaksville 2_Matrimony_Eden-1\Proposed_Voting_Precincts_2025_01_31.shp,id,-1,-1;county_id "county_id" true true false 4 Long 0 0,First,#,S:\NCSBOE\Workspace\Spring2025\Rockingham_Leaksville 2_Matrimony_Eden-1\Proposed_Voting_Precincts_2025_01_31.shp,county_id,-1,-1;prec_id "prec_id" true true false 100 Text 0 0,First,#,S:\NCSBOE\Workspace\Spring2025\Rockingham_Leaksville 2_Matrimony_Eden-1\Proposed_Voting_Precincts_2025_01_31.shp,prec_id,0,99;enr_desc "enr_desc" true true false 150 Text 0 0,First,#,S:\NCSBOE\Workspace\Spring2025\Rockingham_Leaksville 2_Matrimony_Eden-1\Proposed_Voting_Precincts_2025_01_31.shp,enr_desc,0,149;county_nam "county_nam" true true false 100 Text 0 0,First,#,S:\NCSBOE\Workspace\Spring2025\Rockingham_Leaksville 2_Matrimony_Eden-1\Proposed_Voting_Precincts_2025_01_31.shp,county_nam,0,99;of_prec_id "of_prec_id" true true false 50 Text 0 0,First,#,S:\NCSBOE\Workspace\Spring2025\Rockingham_Leaksville 2_Matrimony_Eden-1\Proposed_Voting_Precincts_2025_01_31.shp,of_prec_id,0,49;Shape_Leng "Shape_Leng" true true false 8 Double 0 0,First,#,S:\NCSBOE\Workspace\Spring2025\Rockingham_Leaksville 2_Matrimony_Eden-1\Proposed_Voting_Precincts_2025_01_31.shp,Shape_Leng,-1,-1" # # # NOT_UPDATE_GEOMETRY NO_ENFORCE_DOMAINS</Process><Process ToolSource="c:\program files\arcgis\pro\Resources\ArcToolbox\toolboxes\Data Management Tools.tbx\Append" Date="20250529" Time="174046">Append 'Richmond\Compiled alterations' SBE_PRECINCTS_2025____ NO_TEST "id "id" true true false 4 Long 0 0,First,#;county_id "county_id" true true false 4 Long 0 0,First,#,S:\NCSBOE\Workspace\Spring-Summer2023_Precinct_Alterations\Precinct_Alterations\Precinct_Alterations.gdb\Richmond_to_merges,county_id,-1,-1;prec_id "prec_id" true true false 100 Text 0 0,First,#,S:\NCSBOE\Workspace\Spring-Summer2023_Precinct_Alterations\Precinct_Alterations\Precinct_Alterations.gdb\Richmond_to_merges,prec_id,0,99;enr_desc "enr_desc" true true false 150 Text 0 0,First,#,S:\NCSBOE\Workspace\Spring-Summer2023_Precinct_Alterations\Precinct_Alterations\Precinct_Alterations.gdb\Richmond_to_merges,enr_desc,0,149;county_nam "county_nam" true true false 100 Text 0 0,First,#,S:\NCSBOE\Workspace\Spring-Summer2023_Precinct_Alterations\Precinct_Alterations\Precinct_Alterations.gdb\Richmond_to_merges,county_nam,0,99;of_prec_id "of_prec_id" true true false 50 Text 0 0,First,#;Shape_Leng "Shape_Leng" true true false 8 Double 0 0,First,#" # # # NOT_UPDATE_GEOMETRY NO_ENFORCE_DOMAINS</Process><Process ToolSource="c:\program files\arcgis\pro\Resources\ArcToolbox\toolboxes\Data Management Tools.tbx\Append" Date="20250721" Time="194839">Append 'Pender\Proposed Precinct' SBE_PRECINCTS_2025____ NO_TEST "id "id" true true false 4 Long 0 0,First,#;county_id "county_id" true true false 4 Long 0 0,First,#,S:\NCSBOE\Workspace\Spring-Summer2023_Precinct_Alterations\Precinct_Alterations\Precinct_Alterations.gdb\Pender_PL18,county_id,-1,-1;prec_id "prec_id" true true false 255 Text 0 0,First,#,S:\NCSBOE\Workspace\Spring-Summer2023_Precinct_Alterations\Precinct_Alterations\Precinct_Alterations.gdb\Pender_PL18,prec_id,0,254;enr_desc "enr_desc" true true false 255 Text 0 0,First,#,S:\NCSBOE\Workspace\Spring-Summer2023_Precinct_Alterations\Precinct_Alterations\Precinct_Alterations.gdb\Pender_PL18,enr_desc,0,254;county_nam "county_nam" true true false 255 Text 0 0,First,#,S:\NCSBOE\Workspace\Spring-Summer2023_Precinct_Alterations\Precinct_Alterations\Precinct_Alterations.gdb\Pender_PL18,county_nam,0,254;of_prec_id "of_prec_id" true true false 50 Text 0 0,First,#;Shape_Leng "Shape_Leng" true true false 8 Double 0 0,First,#" # # # NOT_UPDATE_GEOMETRY NO_ENFORCE_DOMAINS USE_FEATURE_SERVICE_MODE</Process><Process ToolSource="c:\program files\arcgis\pro\Resources\ArcToolbox\toolboxes\Data Management Tools.tbx\Append" Date="20250728" Time="182233">Append SBE_PRECINCTS_20250225 SBE_PRECINCTS_2025____ TEST # # # # NOT_UPDATE_GEOMETRY NO_ENFORCE_DOMAINS USE_FEATURE_SERVICE_MODE</Process><Process ToolSource="c:\program files\arcgis\pro\Resources\ArcToolbox\toolboxes\Conversion Tools.tbx\ExportFeatures" Date="20250728" Time="182622">ExportFeatures SBE_PRECINCTS_2025____ S:\NCSBOE\Workspace\Spring2025\Statewide_SHPs\SBE_PRECINCTS_20250728.shp # NOT_USE_ALIAS "id "id" true true false 4 Long 0 0,First,#,SBE_PRECINCTS_2025____,id,-1,-1;county_id "county_id" true true false 4 Long 0 0,First,#,SBE_PRECINCTS_2025____,county_id,-1,-1;prec_id "prec_id" true true false 100 Text 0 0,First,#,SBE_PRECINCTS_2025____,prec_id,0,99;enr_desc "enr_desc" true true false 150 Text 0 0,First,#,SBE_PRECINCTS_2025____,enr_desc,0,149;county_nam "county_nam" true true false 100 Text 0 0,First,#,SBE_PRECINCTS_2025____,county_nam,0,99;of_prec_id "of_prec_id" true true false 50 Text 0 0,First,#,SBE_PRECINCTS_2025____,of_prec_id,0,49;Shape_Length "Shape_Length" false true true 8 Double 0 0,First,#,SBE_PRECINCTS_2025____,Shape_Length,-1,-1;Shape_Area "Shape_Area" false true true 8 Double 0 0,First,#,SBE_PRECINCTS_2025____,Shape_Area,-1,-1" #</Process></lineage><itemProps><itemName Sync="TRUE">SBE_PRECINCTS_20250728</itemName><imsContentType Sync="TRUE">002</imsContentType><itemSize Sync="TRUE">0.000</itemSize><itemLocation><linkage Sync="TRUE">file://\\10.50.1.90\CGIA-Services\NCSBOE\Workspace\Spring2025\Statewide_SHPs\SBE_PRECINCTS_20250728.shp</linkage><protocol Sync="TRUE">Local Area Network</protocol></itemLocation></itemProps><coordRef><type Sync="TRUE">Projected</type><geogcsn Sync="TRUE">GCS_North_American_1983</geogcsn><csUnits Sync="TRUE">Linear Unit: US survey foot (0.304801)</csUnits><projcsn Sync="TRUE">NAD_1983_StatePlane_North_Carolina_FIPS_3200_Feet</projcsn><peXml Sync="TRUE">&lt;ProjectedCoordinateSystem xsi:type='typens:ProjectedCoordinateSystem' xmlns:xsi='http://www.w3.org/2001/XMLSchema-instance' xmlns:xs='http://www.w3.org/2001/XMLSchema' xmlns:typens='http://www.esri.com/schemas/ArcGIS/3.5.0'&gt;&lt;WKT&gt;PROJCS[&amp;quot;NAD_1983_StatePlane_North_Carolina_FIPS_3200_Feet&amp;quot;,GEOGCS[&amp;quot;GCS_North_American_1983&amp;quot;,DATUM[&amp;quot;D_North_American_1983&amp;quot;,SPHEROID[&amp;quot;GRS_1980&amp;quot;,6378137.0,298.257222101]],PRIMEM[&amp;quot;Greenwich&amp;quot;,0.0],UNIT[&amp;quot;Degree&amp;quot;,0.0174532925199433]],PROJECTION[&amp;quot;Lambert_Conformal_Conic&amp;quot;],PARAMETER[&amp;quot;False_Easting&amp;quot;,2000000.0],PARAMETER[&amp;quot;False_Northing&amp;quot;,0.0],PARAMETER[&amp;quot;Central_Meridian&amp;quot;,-79.0],PARAMETER[&amp;quot;Standard_Parallel_1&amp;quot;,34.3333333333333],PARAMETER[&amp;quot;Standard_Parallel_2&amp;quot;,36.1666666666667],PARAMETER[&amp;quot;Latitude_Of_Origin&amp;quot;,33.75],UNIT[&amp;quot;US survey foot&amp;quot;,0.3048006096012192]]&lt;/WKT&gt;&lt;XOrigin&gt;-121841900&lt;/XOrigin&gt;&lt;YOrigin&gt;-93659000&lt;/YOrigin&gt;&lt;XYScale&gt;36365718.124241434&lt;/XYScale&gt;&lt;ZOrigin&gt;-100000&lt;/ZOrigin&gt;&lt;ZScale&gt;10000&lt;/ZScale&gt;&lt;MOrigin&gt;-100000&lt;/MOrigin&gt;&lt;MScale&gt;10000&lt;/MScale&gt;&lt;XYTolerance&gt;0.0032808333333333331&lt;/XYTolerance&gt;&lt;ZTolerance&gt;0.001&lt;/ZTolerance&gt;&lt;MTolerance&gt;0.001&lt;/MTolerance&gt;&lt;HighPrecision&gt;true&lt;/HighPrecision&gt;&lt;/ProjectedCoordinateSystem&gt;</peXml></coordRef></DataProperties><SyncDate>20250728</SyncDate><SyncTime>18262100</SyncTime><ModDate>20250728</ModDate><ModTime>18262100</ModTime></Esri><dataIdInfo><envirDesc Sync="TRUE">Microsoft Windows Server 2016 Technical Preview Version 10.0 (Build 20348) ; Esri ArcGIS 13.5.2.57366</envirDesc><dataLang><languageCode value="eng" Sync="TRUE"></languageCode><countryCode value="USA" Sync="TRUE"></countryCode></dataLang><idCitation><resTitle Sync="TRUE">SBE_PRECINCTS_20250728</resTitle><presForm><PresFormCd value="005" Sync="TRUE"></PresFormCd></presForm></idCitation><spatRpType><SpatRepTypCd value="001" Sync="TRUE"></SpatRepTypCd></spatRpType></dataIdInfo><mdLang><languageCode value="eng" Sync="TRUE"></languageCode><countryCode value="USA" Sync="TRUE"></countryCode></mdLang><mdChar><CharSetCd value="004" Sync="TRUE"></CharSetCd></mdChar><distInfo><distFormat><formatName Sync="TRUE">Shapefile</formatName></distFormat><distTranOps><transSize Sync="TRUE">0.000</transSize></distTranOps></distInfo><mdHrLv><ScopeCd value="005" Sync="TRUE"></ScopeCd></mdHrLv><mdHrLvName Sync="TRUE">dataset</mdHrLvName><refSysInfo><RefSystem><refSysID><identCode code="0" Sync="TRUE"></identCode></refSysID></RefSystem></refSysInfo><spatRepInfo><VectSpatRep><geometObjs Name="SBE_PRECINCTS_20250728"><geoObjTyp><GeoObjTypCd value="002" Sync="TRUE"></GeoObjTypCd></geoObjTyp><geoObjCnt Sync="TRUE">0</geoObjCnt></geometObjs><topLvl><TopoLevCd value="001" Sync="TRUE"></TopoLevCd></topLvl></VectSpatRep></spatRepInfo><spdoinfo><ptvctinf><esriterm Name="SBE_PRECINCTS_20250728"><efeatyp Sync="TRUE">Simple</efeatyp><efeageom code="4" Sync="TRUE"></efeageom><esritopo Sync="TRUE">FALSE</esritopo><efeacnt Sync="TRUE">0</efeacnt><spindex Sync="TRUE">FALSE</spindex><linrefer Sync="TRUE">FALSE</linrefer></esriterm></ptvctinf></spdoinfo><eainfo><detailed Name="SBE_PRECINCTS_20250728"><enttyp><enttypl Sync="TRUE">SBE_PRECINCTS_20250728</enttypl><enttypt Sync="TRUE">Feature Class</enttypt><enttypc Sync="TRUE">0</enttypc></enttyp><attr><attrlabl Sync="TRUE">FID</attrlabl><attalias Sync="TRUE">FID</attalias><attrtype Sync="TRUE">OID</attrtype><attwidth Sync="TRUE">4</attwidth><atprecis Sync="TRUE">0</atprecis><attscale Sync="TRUE">0</attscale><attrdef Sync="TRUE">Internal feature number.</attrdef><attrdefs Sync="TRUE">Esri</attrdefs><attrdomv><udom Sync="TRUE">Sequential unique whole numbers that are automatically generated.</udom></attrdomv></attr><attr><attrlabl Sync="TRUE">Shape</attrlabl><attalias Sync="TRUE">Shape</attalias><attrtype Sync="TRUE">Geometry</attrtype><attwidth Sync="TRUE">0</attwidth><atprecis Sync="TRUE">0</atprecis><attscale Sync="TRUE">0</attscale><attrdef Sync="TRUE">Feature geometry.</attrdef><attrdefs Sync="TRUE">Esri</attrdefs><attrdomv><udom Sync="TRUE">Coordinates defining the features.</udom></attrdomv></attr><attr><attrlabl Sync="TRUE">id</attrlabl><attalias Sync="TRUE">id</attalias><attrtype Sync="TRUE">Integer</attrtype><attwidth Sync="TRUE">10</attwidth><atprecis Sync="TRUE">10</atprecis><attscale Sync="TRUE">0</attscale></attr><attr><attrlabl Sync="TRUE">prec_id</attrlabl><attalias Sync="TRUE">prec_id</attalias><attrtype Sync="TRUE">String</attrtype><attwidth Sync="TRUE">100</attwidth><atprecis Sync="TRUE">0</atprecis><attscale Sync="TRUE">0</attscale></attr><attr><attrlabl Sync="TRUE">enr_desc</attrlabl><attalias Sync="TRUE">enr_desc</attalias><attrtype Sync="TRUE">String</attrtype><attwidth Sync="TRUE">150</attwidth><atprecis Sync="TRUE">0</atprecis><attscale Sync="TRUE">0</attscale></attr><attr><attrlabl Sync="TRUE">county_nam</attrlabl><attalias Sync="TRUE">county_nam</attalias><attrtype Sync="TRUE">String</attrtype><attwidth Sync="TRUE">100</attwidth><atprecis Sync="TRUE">0</atprecis><attscale Sync="TRUE">0</attscale></attr><attr><attrlabl Sync="TRUE">of_prec_id</attrlabl><attalias Sync="TRUE">of_prec_id</attalias><attrtype Sync="TRUE">String</attrtype><attwidth Sync="TRUE">50</attwidth><atprecis Sync="TRUE">0</atprecis><attscale Sync="TRUE">0</attscale></attr><attr><attrlabl Sync="TRUE">county_id</attrlabl><attalias Sync="TRUE">county_id</attalias><attrtype Sync="TRUE">Integer</attrtype><attwidth Sync="TRUE">10</attwidth><atprecis Sync="TRUE">10</atprecis><attscale Sync="TRUE">0</attscale></attr><attr><attrlabl Sync="TRUE">Shape_Leng</attrlabl><attalias Sync="TRUE">Shape_Leng</attalias><attrtype Sync="TRUE">Double</attrtype><attwidth Sync="TRUE">19</attwidth><atprecis Sync="TRUE">0</atprecis><attscale Sync="TRUE">0</attscale></attr><attr><attrlabl Sync="TRUE">Shape_Area</attrlabl><attalias Sync="TRUE">Shape_Area</attalias><attrtype Sync="TRUE">Double</attrtype><attwidth Sync="TRUE">19</attwidth><atprecis Sync="TRUE">0</atprecis><attscale Sync="TRUE">0</attscale><attrdef Sync="TRUE">Area of feature in internal units squared.</attrdef><attrdefs Sync="TRUE">Esri</attrdefs><attrdomv><udom Sync="TRUE">Positive real numbers that are automatically generated.</udom></attrdomv></attr></detailed></eainfo><mdDateSt Sync="TRUE">20250728</mdDateSt></metadata>
